{
  "swing_duration": 3.5,
  "horizon": 23.5,
  "zero_quant_success": true,
  "dtheta_threshold": [
    0.07707029605157037,
    0.0789297271419465
  ],
  "dv_threshold": [
    0.10800403402931195,
    0.11110834437328543
  ],
  "joint": {
    "dtheta": 0.007707029605157037,
    "dv_threshold": [
      0.1475073525229895,
      0.1517470886065971
    ]
  },
  "seeds": [
    0,
    1,
    2,
    3
  ]
}