{
  "swing_duration": 5.0,
  "horizon": 25.0,
  "zero_quant_success": true,
  "dtheta_threshold": [
    0.00839468927705689,
    0.008597223158921856
  ],
  "dv_threshold": [
    0.3355119131322096,
    0.3451553779511254
  ],
  "joint": {
    "dtheta": 0.000839468927705689,
    "dv_threshold": [
      0.25998461730718275,
      0.2674572357518016
    ]
  },
  "seeds": [
    0,
    1,
    2,
    3
  ]
}