{
  "swing_duration": 7.0,
  "horizon": 27.0,
  "zero_quant_success": true,
  "dtheta_threshold": [
    9.72492472466073e-05,
    9.959552438721954e-05
  ],
  "dv_threshold": [
    0.013647431861622749,
    0.014039693727371306
  ],
  "joint": {
    "dtheta": 9.72492472466073e-06,
    "dv_threshold": [
      0.007316502949807254,
      0.007526797833632009
    ]
  },
  "seeds": [
    0,
    1,
    2,
    3
  ]
}