{
  "swing_duration": 7.0,
  "horizon": 27.0,
  "zero_quant_success": true,
  "dtheta_threshold": [
    0.00035235404029166967,
    0.00036085508532333237
  ],
  "dv_threshold": [
    0.06303949014933945,
    0.06485140526073517
  ],
  "joint": {
    "dtheta": 3.5235404029166965e-05,
    "dv_threshold": [
      0.04884863124147152,
      0.05025266501312389
    ]
  },
  "seeds": [
    0,
    1,
    2,
    3
  ]
}