{
  "swing_duration": 12.0,
  "horizon": 32.0,
  "zero_quant_success": true,
  "dtheta_threshold": [
    6.801154414032184e-05,
    6.965241988828033e-05
  ],
  "dv_threshold": [
    0.002422937897394444,
    0.0024925792885266084
  ],
  "joint": {
    "dtheta": 6.801154414032184e-06,
    "dv_threshold": [
      0.003922438738461166,
      0.004035179593549066
    ]
  },
  "seeds": [
    0,
    1,
    2,
    3
  ]
}