{
 "pert": 1.0090756983044573,
 "pert_th": 0.9253264952447644,
 "dtheta": 0.00128,
 "dv": 0.0030844216508158816
}