{
 "hold": 0.0,
 "pert": 0.7781037327906057,
 "pert_th": 0.848528137423857,
 "dtheta": 0.00013454342644059433,
 "dv": 0.02934412938254948
}