{
 "hold": 5.0,
 "dtheta": 3.084421650815882e-05,
 "dv": 0.01902731384004354
}