{
 "hold": 0.0,
 "pert": 0.6543046395991545,
 "pert_th": 0.7781037327906057,
 "dtheta": 1.0905077326652578e-05,
 "dv": 0.006168843301631763
}