{
 "hold": 0.0,
 "pert": 0.6543046395991545,
 "pert_th": 0.7781037327906057,
 "dtheta": 0.00064,
 "dv": 0.010374716437208078
}