{
  "g": 9.81,
  "dt": 0.01,
  "horizon": 25.0,
  "baseline": {
    "dtheta_bracket": [
      0.02360733022023856,
      0.02436232598151701
    ],
    "max_dtheta": 0.02398185719202684,
    "dv_bracket": [
      0.05351994087714765,
      0.05523158417307099
    ],
    "max_dv": 0.05436902720753759,
    "joint": {
      "dtheta_over_10": {
        "dtheta": 0.002398185719202684,
        "dv_bracket": [
          0.04293510210083482,
          0.044308227303632965
        ],
        "dv_gmean": 0.04361626145359639
      },
      "dtheta_over_3": {
        "dtheta": 0.007993952397342281,
        "dv_bracket": [
          0.05351994087714765,
          0.05523158417307099
        ],
        "dv_gmean": 0.05436902720753759
      }
    }
  },
  "dt_scaling": {
    "0.002": {
      "dtheta_bracket": [
        0.006915821094890897,
        0.007136998820779037
      ],
      "max_dtheta": 0.007025539623328241,
      "dv_bracket": [
        0.01618021823581314,
        0.01669768446645562
      ],
      "max_dv": 0.01643691512115333
    },
    "0.005": {
      "dtheta_bracket": [
        0.01618021823581314,
        0.01669768446645562
      ],
      "max_dtheta": 0.01643691512115333,
      "dv_bracket": [
        0.03444366645771519,
        0.03554522355611888
      ],
      "max_dv": 0.034990110378961076
    },
    "0.02": {
      "dtheta_bracket": [
        0.007365250122712282,
        0.007600801223642625
      ],
      "max_dtheta": 0.0074820987794298405,
      "dv_bracket": [
        0.0390658137324562,
        0.0403151936286044
      ],
      "max_dv": 0.03968558736976138
    }
  },
  "g_scaling": {
    "4.905": {
      "dtheta_bracket": [
        0.017231699997976052,
        0.01778279410038923
      ],
      "max_dtheta": 0.01750507849350255,
      "dv_bracket": [
        0.0403151936286044,
        0.04160453045834138
      ],
      "max_dv": 0.040954788502142236
    },
    "19.62": {
      "dtheta_bracket": [
        0.03234190707781861,
        0.033376246942920386
      ],
      "max_dtheta": 0.032855006882273795,
      "dv_bracket": [
        0.05699796823896648,
        0.0588208437619687
      ],
      "max_dv": 0.05790223298400418
    }
  },
  "elapsed_s": 328.24390411376953,
  "balance_only_comparison": {
    "dtheta_bracket": [
      0.5162863286410085,
      0.5327978945865641
    ],
    "max_dtheta": 0.5244771385901927,
    "dv_bracket": [
      0.220673406908459,
      0.22773085412033933
    ],
    "max_dv": 0.22417435945466324,
    "note": "KalmanBalancer, g=9.81 dt=0.01, protocol.balance_success (8 seeds)"
  }
}